Size,Avg_Value_per_Farmer,StdDev_Value_per_Farmer,Avg_Shapley_Value,StdDev_Shapley_Value
3,26686.995833333338,4112.914009592478,26686.995833333338,4112.914009592479
5,27543.414999999997,3124.525472718217,27543.414999999997,3124.525472718216
8,35717.519375,3262.2857473296367,35717.51937500005,3262.2857473293316
12,43415.03520833333,5356.223722336758,43415.03520833331,5356.223722336756
